id,auctionId,baseUrl,link,width,height,type
9lRMEl0g,5790a6b2-90ed-4240-86a7-d26e609790db,media-r2.carsandbids.com,21ffe08471e2c3f4bc157fffa3ba4ba2c1579699/photos/9Xxev62z-iLgJ3RiE4I.jpg?t=171158586924,3600,2400,OTHER
rboyMk4L,5790a6b2-90ed-4240-86a7-d26e609790db,media-r2.carsandbids.com,21ffe08471e2c3f4bc157fffa3ba4ba2c1579699/photos/9Xxev62z-yQsXW4E4om.jpg?t=171158586985,3600,2400,OTHER
3o0eMb2v,5790a6b2-90ed-4240-86a7-d26e609790db,media-r2.carsandbids.com,21ffe08471e2c3f4bc157fffa3ba4ba2c1579699/photos/9Xxev62z-0WYz0ruYp.jpg?t=171158588680,3600,2400,OTHER
3LMo5m4V,5790a6b2-90ed-4240-86a7-d26e609790db,media-r2.carsandbids.com,21ffe08471e2c3f4bc157fffa3ba4ba2c1579699/photos/9Xxev62z-r1dkRcZemA.jpg?t=171158583703,3600,2400,OTHER
K1gpJbN4,5790a6b2-90ed-4240-86a7-d26e609790db,media-r2.carsandbids.com,21ffe08471e2c3f4bc157fffa3ba4ba2c1579699/photos/9Xxev62z-ziAE-wBDr.jpg?t=171158618000,3600,2400,OTHER
35Glz7qE,5790a6b2-90ed-4240-86a7-d26e609790db,media-r2.carsandbids.com,21ffe08471e2c3f4bc157fffa3ba4ba2c1579699/photos/9Xxev62z-gtSoT82du4.jpg?t=171158588810,3600,2400,OTHER
r4BDO7wk,5790a6b2-90ed-4240-86a7-d26e609790db,media-r2.carsandbids.com,21ffe08471e2c3f4bc157fffa3ba4ba2c1579699/photos/9Xxev62z-UfKWlTyJR.jpg?t=171158620263,3600,2400,OTHER
3g6LpZGo,5790a6b2-90ed-4240-86a7-d26e609790db,media-r2.carsandbids.com,21ffe08471e2c3f4bc157fffa3ba4ba2c1579699/photos/9Xxev62z-7gWxxF_CyT.jpg?t=171158594543,3600,2400,OTHER
KmO8n7j0,5790a6b2-90ed-4240-86a7-d26e609790db,media-r2.carsandbids.com,21ffe08471e2c3f4bc157fffa3ba4ba2c1579699/photos/9Xxev62z-phv2mVRlLx1.jpg?t=171123476753,4000,2667,OTHER
9W7AQoXR,5790a6b2-90ed-4240-86a7-d26e609790db,media-r2.carsandbids.com,21ffe08471e2c3f4bc157fffa3ba4ba2c1579699/photos/9Xxev62z-1VGFF8lFRM.jpg?t=171158594395,3600,2400,OTHER
9aB1OnjQ,5790a6b2-90ed-4240-86a7-d26e609790db,media-r2.carsandbids.com,21ffe08471e2c3f4bc157fffa3ba4ba2c1579699/photos/9Xxev62z-YpDGo34m2W.jpg?t=171158594710,3600,2400,OTHER
3vq2De7N,5790a6b2-90ed-4240-86a7-d26e609790db,media-r2.carsandbids.com,21ffe08471e2c3f4bc157fffa3ba4ba2c1579699/photos/9Xxev62z-V6dgG2PK9k.jpg?t=171158597987,3600,2400,OTHER
rkED0LDl,5790a6b2-90ed-4240-86a7-d26e609790db,media-r2.carsandbids.com,21ffe08471e2c3f4bc157fffa3ba4ba2c1579699/photos/9Xxev62z-3SHt6lU7i.jpg?t=171158594328,3600,2400,OTHER
KYbl6wjP,5790a6b2-90ed-4240-86a7-d26e609790db,media-r2.carsandbids.com,21ffe08471e2c3f4bc157fffa3ba4ba2c1579699/photos/9Xxev62z-fjOt8te0V.jpg?t=171158597793,3600,2400,OTHER
3ODMGBXz,5790a6b2-90ed-4240-86a7-d26e609790db,media-r2.carsandbids.com,21ffe08471e2c3f4bc157fffa3ba4ba2c1579699/photos/9Xxev62z-5rMSsSBYZ_.jpg?t=171158597895,3600,2400,OTHER
rJY4xMZE,5790a6b2-90ed-4240-86a7-d26e609790db,media-r2.carsandbids.com,21ffe08471e2c3f4bc157fffa3ba4ba2c1579699/photos/9Xxev62z-JbXC2ISD3N.jpg?t=171158598345,3600,2400,OTHER
K1g64oEj,5790a6b2-90ed-4240-86a7-d26e609790db,media-r2.carsandbids.com,7a0a3c6148108c9c64425dd85e0181fa3cccb652/photos/9Xxev62z-1tfTsSvYds-(edit).jpg?t=171171416472,3159,2106,EXTERIOR
rG10pb5o,5790a6b2-90ed-4240-86a7-d26e609790db,media-r2.carsandbids.com,1477bbe21e8d6b5e719c7c3ccab577fd47dd8cc3/photos/9Xxev62z-mnM5KLn-BN-(edit).jpg?t=171168074932,3095,2063,EXTERIOR
rNqQ6jOG,5790a6b2-90ed-4240-86a7-d26e609790db,media-r2.carsandbids.com,1477bbe21e8d6b5e719c7c3ccab577fd47dd8cc3/photos/9Xxev62z-toz7xwlkSa-(edit).jpg?t=171168078862,3428,2285,EXTERIOR
9QJRnkok,5790a6b2-90ed-4240-86a7-d26e609790db,media-r2.carsandbids.com,1477bbe21e8d6b5e719c7c3ccab577fd47dd8cc3/photos/9Xxev62z-IVxIaGlfzx-(edit).jpg?t=171168081808,3147,2098,EXTERIOR
9WMew6lq,5790a6b2-90ed-4240-86a7-d26e609790db,media-r2.carsandbids.com,1477bbe21e8d6b5e719c7c3ccab577fd47dd8cc3/photos/9Xxev62z-mDIiLSOQF0-(edit).jpg?t=171168086512,3877,2585,EXTERIOR
9XAQBojx,5790a6b2-90ed-4240-86a7-d26e609790db,media-r2.carsandbids.com,21ffe08471e2c3f4bc157fffa3ba4ba2c1579699/photos/9Xxev62z-pRmz-Kxo1qX.jpg?t=171123470509,4000,2667,EXTERIOR
3veqpYPO,5790a6b2-90ed-4240-86a7-d26e609790db,media-r2.carsandbids.com,21ffe08471e2c3f4bc157fffa3ba4ba2c1579699/photos/9Xxev62z-mB3-nyDmbjf.jpg?t=171123469950,4000,2667,EXTERIOR
rJZdBdvY,5790a6b2-90ed-4240-86a7-d26e609790db,media-r2.carsandbids.com,21ffe08471e2c3f4bc157fffa3ba4ba2c1579699/photos/9Xxev62z-KjyZt_TAw2x.jpg?t=171123468729,4000,2667,EXTERIOR
30MoNAYj,5790a6b2-90ed-4240-86a7-d26e609790db,media-r2.carsandbids.com,21ffe08471e2c3f4bc157fffa3ba4ba2c1579699/photos/9Xxev62z-5yzW6rqbOU-.jpg?t=171123470541,4000,2667,EXTERIOR
K1deyj54,5790a6b2-90ed-4240-86a7-d26e609790db,media-r2.carsandbids.com,21ffe08471e2c3f4bc157fffa3ba4ba2c1579699/photos/9Xxev62z-duiFMoG710G.jpg?t=171123471197,4000,2667,EXTERIOR
3gkyeNb3,5790a6b2-90ed-4240-86a7-d26e609790db,media-r2.carsandbids.com,21ffe08471e2c3f4bc157fffa3ba4ba2c1579699/photos/9Xxev62z-eFL7zsTdKUz.jpg?t=171123466624,4000,2667,EXTERIOR
KZjovmjZ,5790a6b2-90ed-4240-86a7-d26e609790db,media-r2.carsandbids.com,21ffe08471e2c3f4bc157fffa3ba4ba2c1579699/photos/9Xxev62z-H9rIlTXocri.jpg?t=171123474505,4000,2667,EXTERIOR
98mAWnMm,5790a6b2-90ed-4240-86a7-d26e609790db,media-r2.carsandbids.com,21ffe08471e2c3f4bc157fffa3ba4ba2c1579699/photos/9Xxev62z-5NXF9S0zS7o.jpg?t=171123471184,4000,2667,EXTERIOR
9lDP8gPm,5790a6b2-90ed-4240-86a7-d26e609790db,media-r2.carsandbids.com,21ffe08471e2c3f4bc157fffa3ba4ba2c1579699/photos/9Xxev62z-HIrVc1oPrjg.jpg?t=171123471987,4000,2667,EXTERIOR
9Al2m4Vw,5790a6b2-90ed-4240-86a7-d26e609790db,media-r2.carsandbids.com,21ffe08471e2c3f4bc157fffa3ba4ba2c1579699/photos/9Xxev62z-iRuyGZl5cN.jpg?t=171158588780,3600,2400,EXTERIOR
rElLqNMR,5790a6b2-90ed-4240-86a7-d26e609790db,media-r2.carsandbids.com,21ffe08471e2c3f4bc157fffa3ba4ba2c1579699/photos/9Xxev62z-AGRjDEWHug0.jpg?t=171123469947,4000,2667,EXTERIOR
9nq4AGyG,5790a6b2-90ed-4240-86a7-d26e609790db,media-r2.carsandbids.com,21ffe08471e2c3f4bc157fffa3ba4ba2c1579699/photos/9Xxev62z-qS4itfljnhv.jpg?t=171123468760,4000,2667,EXTERIOR
KdAoqx85,5790a6b2-90ed-4240-86a7-d26e609790db,media-r2.carsandbids.com,21ffe08471e2c3f4bc157fffa3ba4ba2c1579699/photos/9Xxev62z-E40BlFxA_f.jpg?t=171158589553,3600,2400,EXTERIOR
3LaAw8aW,5790a6b2-90ed-4240-86a7-d26e609790db,media-r2.carsandbids.com,21ffe08471e2c3f4bc157fffa3ba4ba2c1579699/photos/9Xxev62z-E4LoBlDLCnr.jpg?t=171123469899,4000,2667,EXTERIOR
rNkl715b,5790a6b2-90ed-4240-86a7-d26e609790db,media-r2.carsandbids.com,21ffe08471e2c3f4bc157fffa3ba4ba2c1579699/photos/9Xxev62z-YsThGoHdhU.jpg?t=171158591466,3600,2400,EXTERIOR
KDgppQPE,5790a6b2-90ed-4240-86a7-d26e609790db,media-r2.carsandbids.com,21ffe08471e2c3f4bc157fffa3ba4ba2c1579699/photos/9Xxev62z-EZMHYLPLB-6.jpg?t=171123473319,4000,2667,EXTERIOR
92xVnkQY,5790a6b2-90ed-4240-86a7-d26e609790db,media-r2.carsandbids.com,21ffe08471e2c3f4bc157fffa3ba4ba2c1579699/photos/9Xxev62z-dipIRJ9S6L6.jpg?t=171123470650,4000,2667,EXTERIOR
36gOAoqz,5790a6b2-90ed-4240-86a7-d26e609790db,media-r2.carsandbids.com,21ffe08471e2c3f4bc157fffa3ba4ba2c1579699/photos/9Xxev62z-MTjRguvOZ9.jpg?t=171158591389,3600,2400,EXTERIOR
KPGaRv1k,5790a6b2-90ed-4240-86a7-d26e609790db,media-r2.carsandbids.com,21ffe08471e2c3f4bc157fffa3ba4ba2c1579699/photos/9Xxev62z-Ld2SQTMf8XU.jpg?t=171123471622,4000,2667,EXTERIOR
rNGvM5Vk,5790a6b2-90ed-4240-86a7-d26e609790db,media-r2.carsandbids.com,21ffe08471e2c3f4bc157fffa3ba4ba2c1579699/photos/9Xxev62z-2K99nx-L6i5.jpg?t=171123467477,4000,2667,EXTERIOR
rNXbyvg7,5790a6b2-90ed-4240-86a7-d26e609790db,media-r2.carsandbids.com,21ffe08471e2c3f4bc157fffa3ba4ba2c1579699/photos/9Xxev62z-aANVDsX46Zq.jpg?t=171123473316,4000,2667,EXTERIOR
rwMnoLkM,5790a6b2-90ed-4240-86a7-d26e609790db,media-r2.carsandbids.com,21ffe08471e2c3f4bc157fffa3ba4ba2c1579699/photos/9Xxev62z-b7Pr9yaip.jpg?t=171158591407,3600,2400,EXTERIOR
3gn5wOm1,5790a6b2-90ed-4240-86a7-d26e609790db,media-r2.carsandbids.com,21ffe08471e2c3f4bc157fffa3ba4ba2c1579699/photos/9Xxev62z-7eIBZh-REnx.jpg?t=171123474196,4000,2667,EXTERIOR
rxLlGyB8,5790a6b2-90ed-4240-86a7-d26e609790db,media-r2.carsandbids.com,21ffe08471e2c3f4bc157fffa3ba4ba2c1579699/photos/9Xxev62z-nBG34ylaBXz.jpg?t=171123471876,4000,2667,EXTERIOR
3vyQeNwm,5790a6b2-90ed-4240-86a7-d26e609790db,media-r2.carsandbids.com,21ffe08471e2c3f4bc157fffa3ba4ba2c1579699/photos/9Xxev62z-dPb-w5kOS8t.jpg?t=171123475036,4000,2667,EXTERIOR
rkegg1zN,5790a6b2-90ed-4240-86a7-d26e609790db,media-r2.carsandbids.com,21ffe08471e2c3f4bc157fffa3ba4ba2c1579699/photos/9Xxev62z-JD-HtucO-G.jpg?t=171123478030,4000,2667,EXTERIOR
rb1DVbLk,5790a6b2-90ed-4240-86a7-d26e609790db,media-r2.carsandbids.com,21ffe08471e2c3f4bc157fffa3ba4ba2c1579699/photos/9Xxev62z-wBbzgEqxYt0.jpg?t=171123472070,4000,2667,EXTERIOR
KPbx0gpN,5790a6b2-90ed-4240-86a7-d26e609790db,media-r2.carsandbids.com,21ffe08471e2c3f4bc157fffa3ba4ba2c1579699/photos/9Xxev62z-Qi6OgmTUBTp.jpg?t=171123476028,4000,2667,EXTERIOR
rknnpRMW,5790a6b2-90ed-4240-86a7-d26e609790db,media-r2.carsandbids.com,21ffe08471e2c3f4bc157fffa3ba4ba2c1579699/photos/9Xxev62z-IHqJC2dweZ.jpg?t=171123464194,4000,2667,EXTERIOR
rJ2gay0X,5790a6b2-90ed-4240-86a7-d26e609790db,media-r2.carsandbids.com,21ffe08471e2c3f4bc157fffa3ba4ba2c1579699/photos/9Xxev62z-Iu64RMa-cJl.jpg?t=171123475123,4000,2667,EXTERIOR
9XRgV14N,5790a6b2-90ed-4240-86a7-d26e609790db,media-r2.carsandbids.com,21ffe08471e2c3f4bc157fffa3ba4ba2c1579699/photos/9Xxev62z-63yfZhUxqnY.jpg?t=171123476256,4000,2667,EXTERIOR
3p6Rq7qw,5790a6b2-90ed-4240-86a7-d26e609790db,media-r2.carsandbids.com,21ffe08471e2c3f4bc157fffa3ba4ba2c1579699/photos/9Xxev62z-ENiacWhnSB.jpg?t=171123477532,4000,2667,EXTERIOR
9e5vkLe6,5790a6b2-90ed-4240-86a7-d26e609790db,media-r2.carsandbids.com,21ffe08471e2c3f4bc157fffa3ba4ba2c1579699/photos/9Xxev62z-5H9JLm-Slto.jpg?t=171123475609,4000,2667,EXTERIOR
r4zp7Q4D,5790a6b2-90ed-4240-86a7-d26e609790db,media-r2.carsandbids.com,21ffe08471e2c3f4bc157fffa3ba4ba2c1579699/photos/9Xxev62z-vLJS5vYQu2r.jpg?t=171123476669,4000,2667,EXTERIOR
3RbLwq6X,5790a6b2-90ed-4240-86a7-d26e609790db,media-r2.carsandbids.com,21ffe08471e2c3f4bc157fffa3ba4ba2c1579699/photos/9Xxev62z-cbggRSioKD3.jpg?t=171123473530,4000,2667,EXTERIOR
Kmq0EdLd,5790a6b2-90ed-4240-86a7-d26e609790db,media-r2.carsandbids.com,21ffe08471e2c3f4bc157fffa3ba4ba2c1579699/photos/9Xxev62z-wxAgkFL5Q-a.jpg?t=171123472653,4000,2667,EXTERIOR
9WxdJ0vd,5790a6b2-90ed-4240-86a7-d26e609790db,media-r2.carsandbids.com,21ffe08471e2c3f4bc157fffa3ba4ba2c1579699/photos/9Xxev62z-4NyZYaj5ChI.jpg?t=171123474009,4000,2667,EXTERIOR
3LeGGR2y,5790a6b2-90ed-4240-86a7-d26e609790db,media-r2.carsandbids.com,21ffe08471e2c3f4bc157fffa3ba4ba2c1579699/photos/9Xxev62z-iykGfjPWlCf.jpg?t=171123475978,4000,2667,EXTERIOR
rkN865RK,5790a6b2-90ed-4240-86a7-d26e609790db,media-r2.carsandbids.com,21ffe08471e2c3f4bc157fffa3ba4ba2c1579699/photos/9Xxev62z-qxdX13A0zoY.jpg?t=171123473964,4000,2667,EXTERIOR
36dY02XW,5790a6b2-90ed-4240-86a7-d26e609790db,media-r2.carsandbids.com,21ffe08471e2c3f4bc157fffa3ba4ba2c1579699/photos/9Xxev62z-6NwhCaYFPcH.jpg?t=171123472868,4000,2667,EXTERIOR
9ApYBV2j,5790a6b2-90ed-4240-86a7-d26e609790db,media-r2.carsandbids.com,21ffe08471e2c3f4bc157fffa3ba4ba2c1579699/photos/9Xxev62z-K9Xp8pryzf_.jpg?t=171123472320,4000,2667,EXTERIOR
3oQBEm8w,5790a6b2-90ed-4240-86a7-d26e609790db,media-r2.carsandbids.com,21ffe08471e2c3f4bc157fffa3ba4ba2c1579699/photos/9Xxev62z-jfFDFjE_sV.jpg?t=171123477573,4000,2667,EXTERIOR
9AqopxOJ,5790a6b2-90ed-4240-86a7-d26e609790db,media-r2.carsandbids.com,21ffe08471e2c3f4bc157fffa3ba4ba2c1579699/photos/9Xxev62z-kLlUKPlIBh.jpg?t=171123477654,4000,2667,EXTERIOR
rMk52Yap,5790a6b2-90ed-4240-86a7-d26e609790db,media-r2.carsandbids.com,21ffe08471e2c3f4bc157fffa3ba4ba2c1579699/photos/9Xxev62z-P6OGMzsqWf.jpg?t=171123477081,4000,2667,EXTERIOR
rxXVeqMB,5790a6b2-90ed-4240-86a7-d26e609790db,media-r2.carsandbids.com,21ffe08471e2c3f4bc157fffa3ba4ba2c1579699/photos/9Xxev62z-S_UBqL3Fq0.jpg?t=171123477106,4000,2667,EXTERIOR
9lZ54qNO,5790a6b2-90ed-4240-86a7-d26e609790db,media-r2.carsandbids.com,21ffe08471e2c3f4bc157fffa3ba4ba2c1579699/photos/9Xxev62z-ZhZ3x5OZsv.jpg?t=171123477119,4000,2667,EXTERIOR
9812GgO2,5790a6b2-90ed-4240-86a7-d26e609790db,media-r2.carsandbids.com,21ffe08471e2c3f4bc157fffa3ba4ba2c1579699/photos/9Xxev62z-Qf3d9DslCgY.jpg?t=171123476712,4000,2667,EXTERIOR
3RYeaj4v,5790a6b2-90ed-4240-86a7-d26e609790db,media-r2.carsandbids.com,21ffe08471e2c3f4bc157fffa3ba4ba2c1579699/photos/9Xxev62z-v5k-OmZEg.jpg?t=171123464077,4000,2667,EXTERIOR
Kdxy8j11,5790a6b2-90ed-4240-86a7-d26e609790db,media-r2.carsandbids.com,21ffe08471e2c3f4bc157fffa3ba4ba2c1579699/photos/9Xxev62z-i--wxX5iPRD.jpg?t=171123472734,4000,2667,EXTERIOR
KV0GPGVP,5790a6b2-90ed-4240-86a7-d26e609790db,media-r2.carsandbids.com,21ffe08471e2c3f4bc157fffa3ba4ba2c1579699/photos/9Xxev62z-VYX72Xu9pk.jpg?t=171158600603,3600,2400,EXTERIOR
KVQxaQwQ,5790a6b2-90ed-4240-86a7-d26e609790db,media-r2.carsandbids.com,21ffe08471e2c3f4bc157fffa3ba4ba2c1579699/photos/9Xxev62z-l_Wf4ubaixN.jpg?t=171123475674,4000,2667,EXTERIOR
9eABVejj,5790a6b2-90ed-4240-86a7-d26e609790db,media-r2.carsandbids.com,21ffe08471e2c3f4bc157fffa3ba4ba2c1579699/photos/9Xxev62z-kQUiSvoYR4.jpg?t=171158600602,3600,2400,EXTERIOR
9nXy6gpN,5790a6b2-90ed-4240-86a7-d26e609790db,media-r2.carsandbids.com,21ffe08471e2c3f4bc157fffa3ba4ba2c1579699/photos/9Xxev62z-utU6AMPYgQB.jpg?t=171123475599,4000,2667,EXTERIOR
9npoWeZ2,5790a6b2-90ed-4240-86a7-d26e609790db,media-r2.carsandbids.com,21ffe08471e2c3f4bc157fffa3ba4ba2c1579699/photos/9Xxev62z-XjnEf7K0g.jpg?t=171158600503,3600,2400,EXTERIOR
356gVQnB,5790a6b2-90ed-4240-86a7-d26e609790db,media-r2.carsandbids.com,21ffe08471e2c3f4bc157fffa3ba4ba2c1579699/photos/9Xxev62z-jFwa42IK_Ok.jpg?t=171123472516,4000,2667,EXTERIOR
3y7P5MVo,5790a6b2-90ed-4240-86a7-d26e609790db,media-r2.carsandbids.com,21ffe08471e2c3f4bc157fffa3ba4ba2c1579699/photos/9Xxev62z-y_UzBZVUoY.jpg?t=171158598065,3600,2400,EXTERIOR
3zYEARJA,5790a6b2-90ed-4240-86a7-d26e609790db,media-r2.carsandbids.com,21ffe08471e2c3f4bc157fffa3ba4ba2c1579699/photos/9Xxev62z-qW5EnwsNHWQ.jpg?t=171123476193,4000,2667,EXTERIOR
30xnkagg,5790a6b2-90ed-4240-86a7-d26e609790db,media-r2.carsandbids.com,1477bbe21e8d6b5e719c7c3ccab577fd47dd8cc3/photos/9Xxev62z-AdtDVI1MWy-(edit).jpg?t=171168088005,3600,2400,INTERIOR
KV7gzLRY,5790a6b2-90ed-4240-86a7-d26e609790db,media-r2.carsandbids.com,1477bbe21e8d6b5e719c7c3ccab577fd47dd8cc3/photos/9Xxev62z-RgV59NMx7E-(edit).jpg?t=171168089313,3600,2400,INTERIOR
K1BYlMwd,5790a6b2-90ed-4240-86a7-d26e609790db,media-r2.carsandbids.com,1477bbe21e8d6b5e719c7c3ccab577fd47dd8cc3/photos/9Xxev62z-ICA3Dv5rl2-(edit).jpg?t=171168090876,4000,2666,INTERIOR
3zd2qeW4,5790a6b2-90ed-4240-86a7-d26e609790db,media-r2.carsandbids.com,1477bbe21e8d6b5e719c7c3ccab577fd47dd8cc3/photos/9Xxev62z-3r06F_fuM9-(edit).jpg?t=171168094272,3600,2400,INTERIOR
9WdN7dOQ,5790a6b2-90ed-4240-86a7-d26e609790db,media-r2.carsandbids.com,21ffe08471e2c3f4bc157fffa3ba4ba2c1579699/photos/9Xxev62z-QApvBYtr5.jpg?t=171158612829,3600,2400,INTERIOR
3g75ZOxR,5790a6b2-90ed-4240-86a7-d26e609790db,media-r2.carsandbids.com,21ffe08471e2c3f4bc157fffa3ba4ba2c1579699/photos/9Xxev62z-YVP0q7FtNlK.jpg?t=171123511734,4000,2667,INTERIOR
35kg4gZE,5790a6b2-90ed-4240-86a7-d26e609790db,media-r2.carsandbids.com,21ffe08471e2c3f4bc157fffa3ba4ba2c1579699/photos/9Xxev62z-jwOsH9GbqV1.jpg?t=171123510306,4000,2667,INTERIOR
98OAvnG6,5790a6b2-90ed-4240-86a7-d26e609790db,media-r2.carsandbids.com,21ffe08471e2c3f4bc157fffa3ba4ba2c1579699/photos/9Xxev62z-o-bq6yukn3U.jpg?t=171123508958,4000,2667,INTERIOR
KPJxQgOL,5790a6b2-90ed-4240-86a7-d26e609790db,media-r2.carsandbids.com,21ffe08471e2c3f4bc157fffa3ba4ba2c1579699/photos/9Xxev62z-gn4YZfTtJc.jpg?t=171123513100,4000,2667,INTERIOR
30ko8AkR,5790a6b2-90ed-4240-86a7-d26e609790db,media-r2.carsandbids.com,21ffe08471e2c3f4bc157fffa3ba4ba2c1579699/photos/9Xxev62z-L2qYB4eaO54.jpg?t=171123508313,4000,2667,INTERIOR
rNJbw0Lb,5790a6b2-90ed-4240-86a7-d26e609790db,media-r2.carsandbids.com,21ffe08471e2c3f4bc157fffa3ba4ba2c1579699/photos/9Xxev62z-pSR69pvZDQO.jpg?t=171123510953,4000,2667,INTERIOR
36yYl2jz,5790a6b2-90ed-4240-86a7-d26e609790db,media-r2.carsandbids.com,21ffe08471e2c3f4bc157fffa3ba4ba2c1579699/photos/9Xxev62z-0wCql2hIT7S.jpg?t=171123510708,4000,2667,INTERIOR
rEBLOZXk,5790a6b2-90ed-4240-86a7-d26e609790db,media-r2.carsandbids.com,21ffe08471e2c3f4bc157fffa3ba4ba2c1579699/photos/9Xxev62z-xP-NW2GZi-3.jpg?t=171123507768,4000,2667,INTERIOR
36YmemLB,5790a6b2-90ed-4240-86a7-d26e609790db,media-r2.carsandbids.com,21ffe08471e2c3f4bc157fffa3ba4ba2c1579699/photos/9Xxev62z-mv5ipNd0hG.jpg?t=171158610432,3600,2400,INTERIOR
3vdk5YWd,5790a6b2-90ed-4240-86a7-d26e609790db,media-r2.carsandbids.com,21ffe08471e2c3f4bc157fffa3ba4ba2c1579699/photos/9Xxev62z-_p-NUS9SKx9.jpg?t=171123508216,4000,2667,INTERIOR
rxMldy8q,5790a6b2-90ed-4240-86a7-d26e609790db,media-r2.carsandbids.com,21ffe08471e2c3f4bc157fffa3ba4ba2c1579699/photos/9Xxev62z-Btjwjix30ct.jpg?t=171123509464,4000,2667,INTERIOR
rbqDObel,5790a6b2-90ed-4240-86a7-d26e609790db,media-r2.carsandbids.com,21ffe08471e2c3f4bc157fffa3ba4ba2c1579699/photos/9Xxev62z-fnTfRIDAF2_.jpg?t=171123509914,4000,2667,INTERIOR
3gynaRvG,5790a6b2-90ed-4240-86a7-d26e609790db,media-r2.carsandbids.com,21ffe08471e2c3f4bc157fffa3ba4ba2c1579699/photos/9Xxev62z-HkcPm8nSWr.jpg?t=171158612956,3600,2400,INTERIOR
92yYJkLW,5790a6b2-90ed-4240-86a7-d26e609790db,media-r2.carsandbids.com,21ffe08471e2c3f4bc157fffa3ba4ba2c1579699/photos/9Xxev62z-0mqcqLrBrVh.jpg?t=171123508787,4000,2667,INTERIOR
rknY78xl,5790a6b2-90ed-4240-86a7-d26e609790db,media-r2.carsandbids.com,21ffe08471e2c3f4bc157fffa3ba4ba2c1579699/photos/9Xxev62z-Vhtwv7a2mvG.jpg?t=171123511411,4000,2667,INTERIOR
9lbPJgxg,5790a6b2-90ed-4240-86a7-d26e609790db,media-r2.carsandbids.com,21ffe08471e2c3f4bc157fffa3ba4ba2c1579699/photos/9Xxev62z-ff_IjnkqZ2v.jpg?t=171123509617,4000,2667,INTERIOR
rjqg5kaY,5790a6b2-90ed-4240-86a7-d26e609790db,media-r2.carsandbids.com,21ffe08471e2c3f4bc157fffa3ba4ba2c1579699/photos/9Xxev62z-HgUbmEOPnu.jpg?t=171158608023,3600,2400,INTERIOR
9QozBZaM,5790a6b2-90ed-4240-86a7-d26e609790db,media-r2.carsandbids.com,21ffe08471e2c3f4bc157fffa3ba4ba2c1579699/photos/9Xxev62z-TNz1yZSmET.jpg?t=171158610924,3600,2400,INTERIOR
r4RpyQZg,5790a6b2-90ed-4240-86a7-d26e609790db,media-r2.carsandbids.com,21ffe08471e2c3f4bc157fffa3ba4ba2c1579699/photos/9Xxev62z-UHoIZFbii2.jpg?t=171123513790,4000,2666,INTERIOR
rGYQxjXw,5790a6b2-90ed-4240-86a7-d26e609790db,media-r2.carsandbids.com,21ffe08471e2c3f4bc157fffa3ba4ba2c1579699/photos/9Xxev62z-tHgK3x0jP_.jpg?t=171158610504,3600,2400,INTERIOR
9Ad5po8r,5790a6b2-90ed-4240-86a7-d26e609790db,media-r2.carsandbids.com,21ffe08471e2c3f4bc157fffa3ba4ba2c1579699/photos/9Xxev62z-mCLeCx15VB.jpg?t=171158607489,3600,2400,INTERIOR
KY0JzByP,5790a6b2-90ed-4240-86a7-d26e609790db,media-r2.carsandbids.com,21ffe08471e2c3f4bc157fffa3ba4ba2c1579699/photos/9Xxev62z-JKeCftSj19A.jpg?t=171123512084,4000,2667,INTERIOR
KDLYbVNy,5790a6b2-90ed-4240-86a7-d26e609790db,media-r2.carsandbids.com,21ffe08471e2c3f4bc157fffa3ba4ba2c1579699/photos/9Xxev62z-xt87Khzap8.jpg?t=171158610910,3600,2400,INTERIOR
rkVdyBEQ,5790a6b2-90ed-4240-86a7-d26e609790db,media-r2.carsandbids.com,21ffe08471e2c3f4bc157fffa3ba4ba2c1579699/photos/9Xxev62z-f-ddecaY1C.jpg?t=171158607566,3600,2400,INTERIOR
rMb5PYp4,5790a6b2-90ed-4240-86a7-d26e609790db,media-r2.carsandbids.com,21ffe08471e2c3f4bc157fffa3ba4ba2c1579699/photos/9Xxev62z-G_twCZBLqv.jpg?t=171123514115,4000,2667,INTERIOR
3vNQ2NYN,5790a6b2-90ed-4240-86a7-d26e609790db,media-r2.carsandbids.com,21ffe08471e2c3f4bc157fffa3ba4ba2c1579699/photos/9Xxev62z-T_LprNT8kFJ.jpg?t=171123512318,4000,2666,INTERIOR
rJ5dvowO,5790a6b2-90ed-4240-86a7-d26e609790db,media-r2.carsandbids.com,21ffe08471e2c3f4bc157fffa3ba4ba2c1579699/photos/9Xxev62z-Ho2tHTcULXN.jpg?t=171123506339,4000,2667,INTERIOR
rEn5wjWR,5790a6b2-90ed-4240-86a7-d26e609790db,media-r2.carsandbids.com,21ffe08471e2c3f4bc157fffa3ba4ba2c1579699/photos/9Xxev62z-PUmzTQ-iA0.jpg?t=171158615411,3600,2400,INTERIOR
3LDGMBX0,5790a6b2-90ed-4240-86a7-d26e609790db,media-r2.carsandbids.com,21ffe08471e2c3f4bc157fffa3ba4ba2c1579699/photos/9Xxev62z-Vw67ox7Iqp.jpg?t=171123512965,4000,2667,INTERIOR
37OBGY10,5790a6b2-90ed-4240-86a7-d26e609790db,media-r2.carsandbids.com,21ffe08471e2c3f4bc157fffa3ba4ba2c1579699/photos/9Xxev62z-u0bS3JbxGT.jpg?t=171123513543,4000,2667,INTERIOR
3BlmDbeA,5790a6b2-90ed-4240-86a7-d26e609790db,media-r2.carsandbids.com,21ffe08471e2c3f4bc157fffa3ba4ba2c1579699/photos/9Xxev62z-hjdFc76apOR.jpg?t=171123506952,4000,2666,INTERIOR
rxVVO2vj,5790a6b2-90ed-4240-86a7-d26e609790db,media-r2.carsandbids.com,21ffe08471e2c3f4bc157fffa3ba4ba2c1579699/photos/9Xxev62z-u3UrjpoF2c.jpg?t=171123514165,4000,2667,INTERIOR
KdVywZB5,5790a6b2-90ed-4240-86a7-d26e609790db,media-r2.carsandbids.com,21ffe08471e2c3f4bc157fffa3ba4ba2c1579699/photos/9Xxev62z-a1Tdl0nUmAr.jpg?t=171123510585,4000,2667,INTERIOR
rwnOVPPM,5790a6b2-90ed-4240-86a7-d26e609790db,media-r2.carsandbids.com,21ffe08471e2c3f4bc157fffa3ba4ba2c1579699/photos/9Xxev62z-wXtCB8WdVce.jpg?t=171123510762,4000,2667,INTERIOR
rJZgZyQE,5790a6b2-90ed-4240-86a7-d26e609790db,media-r2.carsandbids.com,21ffe08471e2c3f4bc157fffa3ba4ba2c1579699/photos/9Xxev62z-PzdeRjscMEJ.jpg?t=171123512496,4000,2667,INTERIOR
9e0vMv2j,5790a6b2-90ed-4240-86a7-d26e609790db,media-r2.carsandbids.com,21ffe08471e2c3f4bc157fffa3ba4ba2c1579699/photos/9Xxev62z-dZNg3JsP9m.jpg?t=171123512788,4000,2667,INTERIOR
3yEy75E7,5790a6b2-90ed-4240-86a7-d26e609790db,media-r2.carsandbids.com,21ffe08471e2c3f4bc157fffa3ba4ba2c1579699/photos/9Xxev62z-oQVjwxebN8i.jpg?t=171123512410,4000,2667,INTERIOR
rbP87NQk,5790a6b2-90ed-4240-86a7-d26e609790db,media-r2.carsandbids.com,21ffe08471e2c3f4bc157fffa3ba4ba2c1579699/photos/9Xxev62z-kAd3Fo59KU.jpg?t=171158618702,3600,2400,INTERIOR
3zJJwj41,5790a6b2-90ed-4240-86a7-d26e609790db,media-r2.carsandbids.com,21ffe08471e2c3f4bc157fffa3ba4ba2c1579699/photos/9Xxev62z-H3pHv3oQ7I.jpg?t=171158618370,3600,2400,INTERIOR
9nqy2g4J,5790a6b2-90ed-4240-86a7-d26e609790db,media-r2.carsandbids.com,21ffe08471e2c3f4bc157fffa3ba4ba2c1579699/photos/9Xxev62z-U-jqiBzQKHc.jpg?t=171123512653,4000,2667,INTERIOR
3OpZRkx6,5790a6b2-90ed-4240-86a7-d26e609790db,media-r2.carsandbids.com,21ffe08471e2c3f4bc157fffa3ba4ba2c1579699/photos/9Xxev62z-8atQMim_NZy.jpg?t=171123512147,4000,2667,INTERIOR
3y01VPw9,5790a6b2-90ed-4240-86a7-d26e609790db,media-r2.carsandbids.com,21ffe08471e2c3f4bc157fffa3ba4ba2c1579699/photos/9Xxev62z-Bpgwzq9bV.jpg?t=171158615495,3600,2400,INTERIOR
3vQmXbpv,5790a6b2-90ed-4240-86a7-d26e609790db,media-r2.carsandbids.com,21ffe08471e2c3f4bc157fffa3ba4ba2c1579699/photos/9Xxev62z-Tv_WaDauni.jpg?t=171158615493,3600,2400,INTERIOR
KdRgO22B,5790a6b2-90ed-4240-86a7-d26e609790db,media-r2.carsandbids.com,21ffe08471e2c3f4bc157fffa3ba4ba2c1579699/photos/9Xxev62z-3M0sDJpDB.jpg?t=171158610300,3600,2400,INTERIOR
KPA7ldAq,5790a6b2-90ed-4240-86a7-d26e609790db,media-r2.carsandbids.com,21ffe08471e2c3f4bc157fffa3ba4ba2c1579699/photos/9Xxev62z-NS_YcNQd6p.jpg?t=171158618274,3600,2400,INTERIOR
Kmm8e77l,5790a6b2-90ed-4240-86a7-d26e609790db,media-r2.carsandbids.com,21ffe08471e2c3f4bc157fffa3ba4ba2c1579699/photos/9Xxev62z-57wxDPWXX5.jpg?t=171123513910,4000,2667,INTERIOR
Kml0dd1e,5790a6b2-90ed-4240-86a7-d26e609790db,media-r2.carsandbids.com,21ffe08471e2c3f4bc157fffa3ba4ba2c1579699/photos/9Xxev62z-excbljgxTvo.jpg?t=171123510349,4000,2667,INTERIOR
9WldO01R,5790a6b2-90ed-4240-86a7-d26e609790db,media-r2.carsandbids.com,21ffe08471e2c3f4bc157fffa3ba4ba2c1579699/photos/9Xxev62z-PcTaJURYVVr.jpg?t=171123511622,4000,2667,INTERIOR
KPeakv0Q,5790a6b2-90ed-4240-86a7-d26e609790db,media-r2.carsandbids.com,21ffe08471e2c3f4bc157fffa3ba4ba2c1579699/photos/9Xxev62z-HP9XaGoJuu5.jpg?t=171123509350,4000,2667,INTERIOR
9lExPVBE,5790a6b2-90ed-4240-86a7-d26e609790db,media-r2.carsandbids.com,21ffe08471e2c3f4bc157fffa3ba4ba2c1579699/photos/9Xxev62z-Fm245I8Kie.jpg?t=171158618484,3600,2400,INTERIOR
30OOen5G,5790a6b2-90ed-4240-86a7-d26e609790db,media-r2.carsandbids.com,21ffe08471e2c3f4bc157fffa3ba4ba2c1579699/photos/9Xxev62z-L3u6wVh6tn.jpg?t=171158615928,3600,2400,INTERIOR
92nA82EQ,5790a6b2-90ed-4240-86a7-d26e609790db,media-r2.carsandbids.com,21ffe08471e2c3f4bc157fffa3ba4ba2c1579699/photos/9Xxev62z-HWARByo4RB.jpg?t=171158615954,3600,2400,INTERIOR
3qXVq8W4,5790a6b2-90ed-4240-86a7-d26e609790db,media-r2.carsandbids.com,21ffe08471e2c3f4bc157fffa3ba4ba2c1579699/photos/9Xxev62z-ogyFm8HJc4G.jpg?t=171123506338,4000,2667,INTERIOR
KV7R77R6,5790a6b2-90ed-4240-86a7-d26e609790db,media-r2.carsandbids.com,21ffe08471e2c3f4bc157fffa3ba4ba2c1579699/photos/9Xxev62z-NLmdig9suKn.jpg?t=171123507052,4000,2667,INTERIOR
rG4zYQe4,5790a6b2-90ed-4240-86a7-d26e609790db,media-r2.carsandbids.com,21ffe08471e2c3f4bc157fffa3ba4ba2c1579699/photos/9Xxev62z-z0eOl_z0UCY.jpg?t=171123505586,4000,2667,INTERIOR
9QqvxAnY,5790a6b2-90ed-4240-86a7-d26e609790db,media-r2.carsandbids.com,21ffe08471e2c3f4bc157fffa3ba4ba2c1579699/photos/9Xxev62z-dSlLExlXeM6.jpg?t=171123506287,4000,2667,INTERIOR
rNBvX5n5,5790a6b2-90ed-4240-86a7-d26e609790db,media-r2.carsandbids.com,21ffe08471e2c3f4bc157fffa3ba4ba2c1579699/photos/9Xxev62z-uM5ROj2TM3R.jpg?t=171123505611,4000,2667,INTERIOR
3OQJM2Nm,5790a6b2-90ed-4240-86a7-d26e609790db,media-r2.carsandbids.com,21ffe08471e2c3f4bc157fffa3ba4ba2c1579699/photos/9Xxev62z-lQfaFdmWQ2U.jpg?t=171123505645,4000,2667,INTERIOR
KD6pjQDa,5790a6b2-90ed-4240-86a7-d26e609790db,media-r2.carsandbids.com,21ffe08471e2c3f4bc157fffa3ba4ba2c1579699/photos/9Xxev62z-Ot6H9b4OyJ1.jpg?t=171123511176,4000,2667,INTERIOR
3BB0gNXE,5790a6b2-90ed-4240-86a7-d26e609790db,media-r2.carsandbids.com,21ffe08471e2c3f4bc157fffa3ba4ba2c1579699/photos/9Xxev62z-r7qwQx2h_o.jpg?t=171158613212,3600,2400,INTERIOR
37W6ZVdv,5790a6b2-90ed-4240-86a7-d26e609790db,media-r2.carsandbids.com,21ffe08471e2c3f4bc157fffa3ba4ba2c1579699/photos/9Xxev62z-pEldzYqV7y.jpg?t=171123503516,4000,2667,INTERIOR
3zxE7RPj,5790a6b2-90ed-4240-86a7-d26e609790db,media-r2.carsandbids.com,21ffe08471e2c3f4bc157fffa3ba4ba2c1579699/photos/9Xxev62z-IZqsdMPzv1.jpg?t=171123513259,4000,2667,INTERIOR
9nz41G6n,5790a6b2-90ed-4240-86a7-d26e609790db,media-r2.carsandbids.com,21ffe08471e2c3f4bc157fffa3ba4ba2c1579699/photos/9Xxev62z--4tKcFvRrst.jpg?t=171123506899,4000,2667,INTERIOR
KZDQ2Ydb,5790a6b2-90ed-4240-86a7-d26e609790db,media-r2.carsandbids.com,21ffe08471e2c3f4bc157fffa3ba4ba2c1579699/photos/9Xxev62z-KBriY2cSEi.jpg?t=171158613302,3600,2400,INTERIOR
KVbx6QWP,5790a6b2-90ed-4240-86a7-d26e609790db,media-r2.carsandbids.com,21ffe08471e2c3f4bc157fffa3ba4ba2c1579699/photos/9Xxev62z-rypZluwT7K.jpg?t=171123512878,4000,2667,INTERIOR
3qxVo8Rz,5790a6b2-90ed-4240-86a7-d26e609790db,media-r2.carsandbids.com,21ffe08471e2c3f4bc157fffa3ba4ba2c1579699/photos/9Xxev62z-bYxJuiu8BcF.jpg?t=171123468142,4000,2667,INTERIOR
3L5bgV80,5790a6b2-90ed-4240-86a7-d26e609790db,media-r2.carsandbids.com,21ffe08471e2c3f4bc157fffa3ba4ba2c1579699/photos/9Xxev62z-xfD6nbhFt5.jpg?t=171158601041,3600,2400,INTERIOR
rM2PWql4,5790a6b2-90ed-4240-86a7-d26e609790db,media-r2.carsandbids.com,21ffe08471e2c3f4bc157fffa3ba4ba2c1579699/photos/9Xxev62z-JlZR__ltKw.jpg?t=171158604285,3600,2400,INTERIOR
9QZvXA87,5790a6b2-90ed-4240-86a7-d26e609790db,media-r2.carsandbids.com,21ffe08471e2c3f4bc157fffa3ba4ba2c1579699/photos/9Xxev62z-UotD0yzeEQu.jpg?t=171123468135,4000,2667,INTERIOR
KPmwoYGL,5790a6b2-90ed-4240-86a7-d26e609790db,media-r2.carsandbids.com,21ffe08471e2c3f4bc157fffa3ba4ba2c1579699/photos/9Xxev62z-JtRC4-M9tP.jpg?t=171158601063,3600,2400,INTERIOR
3OjJn2DY,5790a6b2-90ed-4240-86a7-d26e609790db,media-r2.carsandbids.com,21ffe08471e2c3f4bc157fffa3ba4ba2c1579699/photos/9Xxev62z-PcgZpzBsVH8.jpg?t=171123468038,4000,2667,INTERIOR
3oe1X8NE,5790a6b2-90ed-4240-86a7-d26e609790db,media-r2.carsandbids.com,21ffe08471e2c3f4bc157fffa3ba4ba2c1579699/photos/9Xxev62z-DXYps9mQgiz.jpg?t=171123472283,4000,2667,INTERIOR
3vJV71Gd,5790a6b2-90ed-4240-86a7-d26e609790db,media-r2.carsandbids.com,21ffe08471e2c3f4bc157fffa3ba4ba2c1579699/photos/9Xxev62z--mGKhmSAf1.jpg?t=171158583806,3600,2400,MECHANICAL
3qBGWgkE,5790a6b2-90ed-4240-86a7-d26e609790db,media-r2.carsandbids.com,21ffe08471e2c3f4bc157fffa3ba4ba2c1579699/photos/9Xxev62z-i7X-ft0Ww.jpg?t=171158583311,3600,2400,MECHANICAL
9QBpD5zY,5790a6b2-90ed-4240-86a7-d26e609790db,media-r2.carsandbids.com,21ffe08471e2c3f4bc157fffa3ba4ba2c1579699/photos/9Xxev62z-H1LPxkxyzn.jpg?t=171158583286,3600,2400,MECHANICAL
9n6pbRXX,5790a6b2-90ed-4240-86a7-d26e609790db,media-r2.carsandbids.com,21ffe08471e2c3f4bc157fffa3ba4ba2c1579699/photos/9Xxev62z-wdusCUweHz.jpg?t=171158583455,3600,2400,MECHANICAL
K1lM5poG,5790a6b2-90ed-4240-86a7-d26e609790db,media-r2.carsandbids.com,21ffe08471e2c3f4bc157fffa3ba4ba2c1579699/photos/9Xxev62z-CoZ1OE48z.jpg?t=171158586427,3600,2400,MECHANICAL
rxPoMEaW,5790a6b2-90ed-4240-86a7-d26e609790db,media-r2.carsandbids.com,21ffe08471e2c3f4bc157fffa3ba4ba2c1579699/photos/9Xxev62z-PH2S2axq8m.jpg?t=171158586578,3600,2400,MECHANICAL
KPvW7LvQ,5790a6b2-90ed-4240-86a7-d26e609790db,media-r2.carsandbids.com,21ffe08471e2c3f4bc157fffa3ba4ba2c1579699/photos/9Xxev62z--JUHgQXWNr.jpg?t=171158586446,3600,2400,MECHANICAL
KmNPVODY,5790a6b2-90ed-4240-86a7-d26e609790db,media-r2.carsandbids.com,21ffe08471e2c3f4bc157fffa3ba4ba2c1579699/photos/9Xxev62z-AF4Qj6l8A.jpg?t=171158604125,3600,2400,MECHANICAL
98q4lM4w,5790a6b2-90ed-4240-86a7-d26e609790db,media-r2.carsandbids.com,21ffe08471e2c3f4bc157fffa3ba4ba2c1579699/photos/9Xxev62z-UsaQ_38HU6.jpg?t=171158604105,3600,2400,MECHANICAL
rxqRJoqV,5790a6b2-90ed-4240-86a7-d26e609790db,media-r2.carsandbids.com,21ffe08471e2c3f4bc157fffa3ba4ba2c1579699/photos/9Xxev62z-RKZmrMA9ui.jpg?t=171158604482,3600,2400,MECHANICAL
9lzYvEaz,5790a6b2-90ed-4240-86a7-d26e609790db,media-r2.carsandbids.com,21ffe08471e2c3f4bc157fffa3ba4ba2c1579699/photos/9Xxev62z-MhaXjsKI1x.jpg?t=171158604535,3600,2400,MECHANICAL
